[ 
  {
    "output": "20:32:59.895623281: Notice A shell was spawned in a container with an attached terminal (user=root user_loginuid=-1 k8s.ns=default k8s.pod=falco-jdbjh container=323af15f1fbf shell=bash parent=runc cmdline=bash terminal=34816 container_id=323af15f1fbf image=falcosecurity/falco) k8s.ns=default k8s.pod=falco-jdbjh container=323af15f1fbf",
    "priority": "Notice",
    "rule": "Terminal shell in container",
    "source": "syscall",
    "success_rate":"very_low",
    "tags": [
      "container",
      "mitre_execution",
      "shell"
    ],
    "time": "2021-11-19T20:32:59.895623281Z",
    "output_fields": {
      "container.id": "323af15f1fbf",
      "container.image.repository": "falcosecurity/falco",
      "evt.time": 1637353979895623281,
      "k8s.ns.name": "default",
      "k8s.pod.name": "falco-jdbjh",
      "proc.cmdline": "bash",
      "proc.name": "bash",
      "proc.pname": "runc",
      "proc.tty": 34816,
      "user.loginuid": -1,
      "user.name": "root"
    },
    "label": "attack"
  },

  {
    "output": "20:44:43.756315534: Warning Shell history had been deleted or renamed (user=root user_loginuid=-1 type=openat command=bash fd.name=/root/.bash_history name=/root/.bash_history path=<NA> oldpath=<NA> k8s.ns=default k8s.pod=falco-jdbjh container=323af15f1fbf) k8s.ns=default k8s.pod=falco-jdbjh container=323af15f1fbf",
    "priority": "Warning",
    "rule": "Delete or rename shell history",
    "source": "syscall",
    "success_rate":"low",
    "tags": [
      "mitre_defense_evasion",
      "process"
    ],
    "time": "2021-11-19T20:44:43.756315534Z",
    "output_fields": {
      "container.id": "323af15f1fbf",
      "evt.arg.name": "/root/.bash_history",
      "evt.arg.oldpath": null,
      "evt.arg.path": null,
      "evt.time": 1637354683756315534,
      "evt.type": "openat",
      "fd.name": "/root/.bash_history",
      "k8s.ns.name": "default",
      "k8s.pod.name": "falco-jdbjh",
      "proc.cmdline": "bash",
      "user.loginuid": -1,
      "user.name": "root"
    },
    "label": "attack"
  },

  {
    "output": "20:44:43.756315534: Notice Network tool launched in container (user=root user_loginuid=-1 type=openat command=bash fd.name=/root/.bash_history name=/root/.bash_history path=<NA> oldpath=<NA> k8s.ns=default k8s.pod=falco-jdbjh container=323af15f1fbf) k8s.ns=default k8s.pod=falco-jdbjh container=323af15f1fbf",
    "priority": "Notice",
    "rule": "Delete or rename shell history",
    "source": "syscall",
    "success_rate":"low",
    "tags": [
      "network", 
      "process",
      "mitre_discovery",
      "mitre_exfiltration"
    ],
    "time": "2021-11-19T20:44:43.756315534Z",
    "output_fields": {
      "container.id": "323af15f1fbf",
      "evt.arg.name": "/root/.bash_history",
      "evt.arg.oldpath": null,
      "evt.arg.path": null,
      "evt.time": 1637354683756315534,
      "evt.type": "openat",
      "fd.name": "/root/.bash_history",
      "k8s.ns.name": "default",
      "k8s.pod.name": "falco-jdbjh",
      "proc.cmdline": "bash",
      "user.loginuid": -1,
      "user.name": "root"
    },
    "label": "attack"
  },

  {
    "output": "20:44:43.756315534: Warning Shell history had been deleted or renamed (user=root user_loginuid=-1 type=openat command=bash fd.name=/root/.bash_history name=/root/.bash_history path=<NA> oldpath=<NA> k8s.ns=default k8s.pod=falco-jdbjh container=323af15f1fbf) k8s.ns=default k8s.pod=falco-jdbjh container=323af15f1fbf",
    "priority": "Warning",
    "rule": "Delete or rename shell history",
    "source": "syscall",
    "success_rate":"high",
    "tags": [
      "mitre_defense_evasion",
      "process"
    ],
    "time": "2021-11-19T20:44:43.756315534Z",
    "output_fields": {
      "container.id": "323af15f1fbf",
      "evt.arg.name": "/root/.bash_history",
      "evt.arg.oldpath": null,
      "evt.arg.path": null,
      "evt.time": 1637354683756315534,
      "evt.type": "openat",
      "fd.name": "/root/.bash_history",
      "k8s.ns.name": "default",
      "k8s.pod.name": "falco-jdbjh",
      "proc.cmdline": "bash",
      "user.loginuid": -1,
      "user.name": "root"
    },
    "label": "attack"
  },

  {
    "output": "20:44:43.756315534: Notice Remote file copy tool launched in container (user=root user_loginuid=-1 type=openat command=bash fd.name=/root/.bash_history name=/root/.bash_history path=<NA> oldpath=<NA> k8s.ns=default k8s.pod=falco-jdbjh container=323af15f1fbf) k8s.ns=default k8s.pod=falco-jdbjh container=323af15f1fbf",
    "priority": "Notice",
    "rule": "Delete or rename shell history",
    "source": "syscall",
    "success_rate":"high",
    "tags": [
      "network", 
      "process",
      "mitre_lateral_movement",
      "mitre_exfiltration"
    ],
    "time": "2021-11-19T20:44:43.756315534Z",
    "output_fields": {
      "container.id": "323af15f1fbf",
      "evt.arg.name": "/root/.bash_history",
      "evt.arg.oldpath": null,
      "evt.arg.path": null,
      "evt.time": 1637354683756315534,
      "evt.type": "openat",
      "fd.name": "/root/.bash_history",
      "k8s.ns.name": "default",
      "k8s.pod.name": "falco-jdbjh",
      "proc.cmdline": "bash",
      "user.loginuid": -1,
      "user.name": "root"
    },
    "label": "attack"
  }
]