[{
  "output": "20:44:43.756315534: Notice Network tool launched in container (user=root user_loginuid=-1 type=openat command=bash fd.name=/root/.bash_history name=/root/.bash_history path=<NA> oldpath=<NA> k8s.ns=default k8s.pod=falco-jdbjh container=323af15f1fbf) k8s.ns=default k8s.pod=falco-jdbjh container=323af15f1fbf",
  "priority": "Notice",
  "rule": "Delete or rename shell history",
  "source": "syscall",
  "tags": [
    "network", 
    "process",
    "mitre_discovery",
    "mitre_exfiltration"
  ],
  "time": "2021-11-19T20:44:43.756315534Z",
  "output_fields": {
    "container.id": "323af15f1fbf",
    "evt.arg.name": "/root/.bash_history",
    "evt.arg.oldpath": null,
    "evt.arg.path": null,
    "evt.time": 1637354683756315534,
    "evt.type": "openat",
    "fd.name": "/root/.bash_history",
    "k8s.ns.name": "default",
    "k8s.pod.name": "falco-jdbjh",
    "proc.cmdline": "bash",
    "user.loginuid": -1,
    "user.name": "root"
  },
  "label": "attack"
},

{
  "output": "20:32:59.895623281: Notice A shell was spawned in a container with an attached terminal (user=root user_loginuid=-1 k8s.ns=default k8s.pod=falco-jdbjh container=323af15f1fbf shell=bash parent=runc cmdline=bash terminal=34816 container_id=323af15f1fbf image=falcosecurity/falco) k8s.ns=default k8s.pod=falco-jdbjh container=323af15f1fbf",
  "priority": "Notice",
  "rule": "Terminal shell in container",
  "source": "syscall",
  "tags": [
    "container",
    "mitre_execution",
    "shell"
  ],
  "time": "2021-11-19T20:32:59.895623281Z",
  "output_fields": {
    "container.id": "323af15f1fbf",
    "container.image.repository": "falcosecurity/falco",
    "evt.time": 1637353979895623281,
    "k8s.ns.name": "default",
    "k8s.pod.name": "falco-jdbjh",
    "proc.cmdline": "bash",
    "proc.name": "bash",
    "proc.pname": "runc",
    "proc.tty": 34816,
    "user.loginuid": -1,
    "user.name": "root"
  },
  "label": "attack"
},

{
  "output": "20:44:43.756315534: Warning Shell history had been deleted or renamed (user=root user_loginuid=-1 type=openat command=bash fd.name=/root/.bash_history name=/root/.bash_history path=<NA> oldpath=<NA> k8s.ns=default k8s.pod=falco-jdbjh container=323af15f1fbf) k8s.ns=default k8s.pod=falco-jdbjh container=323af15f1fbf",
  "priority": "Warning",
  "rule": "Delete or rename shell history",
  "source": "syscall",
  "tags": [
    "mitre_defense_evasion",
    "process"
  ],
  "time": "2021-11-19T20:44:43.756315534Z",
  "output_fields": {
    "container.id": "323af15f1fbf",
    "evt.arg.name": "/root/.bash_history",
    "evt.arg.oldpath": null,
    "evt.arg.path": null,
    "evt.time": 1637354683756315534,
    "evt.type": "openat",
    "fd.name": "/root/.bash_history",
    "k8s.ns.name": "default",
    "k8s.pod.name": "falco-jdbjh",
    "proc.cmdline": "bash",
    "user.loginuid": -1,
    "user.name": "root"
  },
  "label": "attack"
},

{
    "output": "20:28:31.527136295: Error File below a known binary directory opened for writing (user=root user_loginuid=-1 command=event-generator run file=/bin/created-by-event-generator parent=event-generator pcmdline=event-generator run gparent=<NA> container_id=fc679f93af22 image=falcosecurity/event-generator) k8s.ns=default k8s.pod=falco-event-generator-f7rlt container=fc679f93af22 k8s.ns=default k8s.pod=falco-event-generator-f7rlt container=fc679f93af22",
    "priority": "Error",
    "rule": "Write below binary dir",
    "source": "syscall",
    "tags": [
      "filesystem",
      "mitre_persistence"
    ],
    "time": "2021-11-19T20:28:31.527136295Z",
    "output_fields": {
      "container.id": "fc679f93af22",
      "container.image.repository": "falcosecurity/event-generator",
      "evt.time": 1637353711527136295,
      "fd.name": "/bin/created-by-event-generator",
      "k8s.ns.name": "default",
      "k8s.pod.name": "falco-event-generator-f7rlt",
      "proc.aname[2]": null,
      "proc.cmdline": "event-generator run",
      "proc.pcmdline": "event-generator run",
      "proc.pname": "event-generator",
      "user.loginuid": -1,
      "user.name": "root"
    },
    "label": "attack"
  }
]